ID, Name, PhotoUrl
365478181 	Kirk Carter         	https://randomuser.me/api/portraits/men/69.jpg
85143803  	Enrique Gardner     	https://randomuser.me/api/portraits/men/66.jpg
173280703 	Robert Weaver       	https://randomuser.me/api/portraits/men/63.jpg
53780845  	Bertha Long         	https://randomuser.me/api/portraits/women/50.jpg
774715064 	Katherine Evans     	https://randomuser.me/api/portraits/women/17.jpg
788028328 	Kelly Terry         	https://randomuser.me/api/portraits/women/95.jpg
603250730 	Vernon Robinson     	https://randomuser.me/api/portraits/men/8.jpg
282261979 	Beth Fox            	https://randomuser.me/api/portraits/women/65.jpg
839860832 	Frederick Richards  	https://randomuser.me/api/portraits/men/0.jpg
125484382 	Dolores Gonzales    	https://randomuser.me/api/portraits/women/66.jpg
